batch_id,supplier,working_capacity_kg_U_m3,service_life_years,resin_losses_percent_year,uranium_recovery_percent,isr_reference_projects,price_per_m3_usd,acid_resistance_percent,mechanical_strength_percent,flow_rate_BV_h,lifecycle_cost_per_kg_U,revenue_per_m3,profit_per_m3,roi
ISR-0001,Kazatomprom_Supplies,26.7,3.8,4.44,89.4,6,4536.0,89.0,92.3,9.2,6.1,90705.0,85172.0,16.39
ISR-0002,Purolite,41.0,6.0,3.15,92.0,20,6760.0,97.1,96.5,9.8,3.81,226320.0,217705.0,26.27
ISR-0003,Purolite,41.4,5.7,2.65,92.5,32,6917.0,95.6,94.8,12.9,3.9,218282.0,209764.0,25.62
ISR-0004,Kazatomprom_Supplies,33.3,3.8,4.54,88.2,14,4590.0,90.5,91.4,13.8,5.08,111608.0,105942.0,19.7
ISR-0005,Kazatomprom_Supplies,31.6,3.3,4.35,90.1,9,4791.0,88.9,95.6,8.1,6.09,93956.0,88238.0,16.43
ISR-0006,Lanxess,42.6,7.0,3.02,92.8,16,5624.0,95.8,95.7,10.0,2.72,276730.0,269211.0,36.81
ISR-0007,ResinTech,33.4,3.7,4.39,91.6,6,4942.0,92.3,92.1,12.0,5.33,113199.0,107166.0,18.76
ISR-0008,Kazatomprom_Supplies,31.8,3.5,5.2,89.8,8,4146.0,88.4,90.3,12.2,5.16,99947.0,94792.0,19.39
ISR-0009,Lanxess,36.7,2.8,3.34,90.8,13,5834.0,89.5,95.2,13.4,7.09,93306.0,86688.0,14.1
ISR-0010,Lanxess,36.2,5.3,3.37,92.7,16,5418.0,90.6,95.9,13.9,3.85,177854.0,171015.0,26.0
ISR-0011,Lanxess,37.4,4.1,3.41,90.9,19,5372.0,93.8,91.7,10.2,4.65,139386.0,132908.0,21.52
ISR-0012,Kazatomprom_Supplies,33.6,3.5,4.77,90.1,7,4761.0,88.2,91.8,13.2,5.5,105958.0,100132.0,18.19
ISR-0013,Lanxess,41.0,4.1,3.05,91.4,14,5428.0,88.9,95.4,9.3,4.23,153643.0,147144.0,23.64
ISR-0014,Purolite,37.3,5.4,2.76,94.8,21,6727.0,93.3,98.0,13.1,4.3,190946.0,182729.0,23.24
ISR-0015,Lanxess,35.5,4.3,3.63,89.8,8,5671.0,92.7,91.6,10.6,5.04,137080.0,130174.0,19.85
ISR-0016,Kazatomprom_Supplies,30.7,3.5,4.82,87.4,4,4269.0,91.2,95.6,11.9,5.57,93911.0,88682.0,17.96
ISR-0017,Purolite,44.8,5.5,1.5,95.8,34,6863.0,89.9,95.2,12.6,3.4,236051.0,228020.0,29.39
ISR-0018,Purolite,40.9,5.4,3.0,95.3,33,6897.0,94.9,95.1,12.8,4.06,210480.0,201929.0,24.61
ISR-0019,Lanxess,31.3,4.4,3.67,90.5,22,5886.0,94.8,93.0,11.8,5.74,124637.0,117483.0,17.42
ISR-0020,Lanxess,37.3,5.4,4.0,93.5,19,6364.0,91.3,95.2,11.7,4.36,188328.0,180109.0,22.91
ISR-0021,Kazatomprom_Supplies,31.9,4.1,4.24,87.7,5,3827.0,88.8,89.1,8.5,4.17,114703.0,109918.0,23.97
ISR-0022,DuPont,40.5,5.6,2.74,93.5,23,6632.0,94.4,98.0,11.9,3.86,212058.0,203868.0,25.89
ISR-0023,Kazatomprom_Supplies,28.9,3.0,5.1,88.4,6,4178.0,88.0,90.1,9.7,6.54,76643.0,71630.0,15.29
ISR-0024,Kazatomprom_Supplies,37.2,4.4,3.72,87.9,12,4408.0,88.2,91.3,10.0,3.82,143875.0,138379.0,26.18
ISR-0025,Kazatomprom_Supplies,31.0,4.3,5.31,90.4,13,4643.0,89.8,88.8,11.8,4.99,120503.0,114493.0,20.05
ISR-0026,Lanxess,36.4,4.1,4.78,94.0,14,5523.0,93.4,93.0,14.2,4.96,140286.0,133323.0,20.15
ISR-0027,Lanxess,34.3,5.6,3.74,92.2,24,5783.0,94.1,90.0,13.0,4.2,177098.0,169652.0,23.78
ISR-0028,Purolite,39.2,5.0,3.21,96.3,22,6329.0,95.0,95.9,10.9,4.15,188748.0,180922.0,24.12
ISR-0029,Purolite,38.3,4.2,2.06,94.2,25,6409.0,95.0,95.8,10.6,4.85,151530.0,144180.0,20.62
ISR-0030,Kazatomprom_Supplies,30.8,4.3,4.15,89.1,7,5342.0,90.5,88.0,9.6,5.59,118004.0,111408.0,17.89
ISR-0031,Purolite,39.1,5.4,3.33,94.7,29,5757.0,93.3,95.6,11.1,3.65,199950.0,192648.0,27.38
ISR-0032,Lanxess,43.2,5.2,3.68,90.6,18,5714.0,88.8,95.0,8.0,3.6,203524.0,196198.0,27.78
ISR-0033,Lanxess,31.3,4.0,3.41,92.6,10,5957.0,91.2,96.7,10.8,6.09,115935.0,108870.0,16.41
ISR-0034,Lanxess,33.6,3.6,3.62,92.9,21,5347.0,92.0,92.2,9.7,5.63,112372.0,106042.0,17.75
ISR-0035,Lanxess,35.8,5.4,3.75,91.8,11,5733.0,91.4,90.4,10.7,4.14,177468.0,170122.0,24.16
ISR-0036,Lanxess,39.0,3.5,3.35,90.0,19,5921.0,90.7,93.8,8.0,5.64,122850.0,115921.0,17.73
ISR-0037,Lanxess,35.8,3.4,3.49,92.4,13,5944.0,95.1,97.6,10.2,6.17,112469.0,105533.0,16.21
ISR-0038,DuPont,42.0,3.7,2.98,91.7,27,6529.0,92.3,94.4,14.0,5.34,142502.0,134890.0,18.72
ISR-0039,ResinTech,32.0,2.0,3.27,90.0,7,5639.0,91.3,92.1,11.4,10.69,57600.0,51445.0,9.36
ISR-0040,Lanxess,37.2,3.8,3.66,92.2,19,5668.0,94.2,96.2,8.8,5.21,130334.0,123545.0,19.2
ISR-0041,Kazatomprom_Supplies,37.2,2.0,5.4,88.1,4,4535.0,90.9,90.2,10.1,7.92,65546.0,60354.0,12.62
ISR-0042,Purolite,39.1,5.5,3.67,94.8,30,5932.0,93.5,95.3,11.3,3.75,203867.0,196218.0,26.65
ISR-0043,Lanxess,38.3,2.9,2.76,91.7,17,5779.0,91.2,92.6,8.0,6.38,101851.0,95350.0,15.67
ISR-0044,Lanxess,37.6,3.7,3.79,90.0,20,5220.0,92.9,94.2,15.0,5.01,125208.0,118937.0,19.97
ISR-0045,DuPont,33.2,6.6,3.34,93.7,25,6204.0,92.6,95.0,11.5,3.94,205315.0,197220.0,25.36
ISR-0046,Purolite,40.2,5.7,2.59,95.2,28,6829.0,94.7,96.3,11.5,3.85,218141.0,209748.0,25.99
ISR-0047,Lanxess,40.4,4.5,3.02,93.2,23,5965.0,91.3,94.2,12.6,4.25,169438.0,162230.0,23.51
ISR-0048,ResinTech,35.4,2.9,3.14,90.6,13,5236.0,92.8,89.9,12.1,6.4,93010.0,87060.0,15.63
ISR-0049,Lanxess,33.4,4.3,3.28,91.9,10,6123.0,90.2,95.3,13.9,5.55,131987.0,124664.0,18.02
ISR-0050,Kazatomprom_Supplies,34.1,3.5,4.68,87.2,7,4928.0,89.6,88.2,14.4,5.77,104073.0,98072.0,17.34
ISR-0051,Purolite,40.6,4.4,2.72,96.9,28,6169.0,95.6,95.4,9.4,4.25,173102.0,165753.0,23.56
ISR-0052,DuPont,41.1,5.1,2.69,95.3,19,6674.0,94.6,97.5,8.0,4.05,199758.0,191659.0,24.66
ISR-0053,Kazatomprom_Supplies,33.1,4.3,3.88,89.0,10,4197.0,94.8,92.2,8.0,4.12,126674.0,121454.0,24.27
ISR-0054,Lanxess,33.6,4.3,3.68,91.9,24,5622.0,92.5,97.1,15.0,5.16,132777.0,125927.0,19.38
ISR-0055,Lanxess,39.4,4.4,4.03,88.5,19,6090.0,93.3,93.0,8.8,4.93,153424.0,145863.0,20.29
ISR-0056,Lanxess,34.0,3.1,3.04,93.2,13,5871.0,92.8,92.9,14.0,6.79,98233.0,91558.0,14.72
ISR-0057,Lanxess,33.1,3.5,3.72,92.7,15,5791.0,96.8,96.4,8.9,6.35,107393.0,100574.0,15.75
ISR-0058,Kazatomprom_Supplies,29.4,4.2,3.56,90.0,5,4569.0,92.0,91.3,13.6,4.98,111132.0,105596.0,20.08
ISR-0059,DuPont,39.0,4.5,2.67,93.0,26,6725.0,97.9,98.0,13.6,4.87,163215.0,155266.0,20.53
ISR-0060,Lanxess,37.3,3.8,3.86,91.4,27,5827.0,91.8,92.2,11.5,5.41,129550.0,122538.0,18.48
ISR-0061,Kazatomprom_Supplies,29.7,3.0,3.94,87.5,10,4798.0,90.3,92.5,9.7,7.14,77962.0,72398.0,14.01
ISR-0062,Kazatomprom_Supplies,34.2,3.5,4.2,89.9,11,4788.0,90.1,92.3,13.3,5.36,107610.0,101844.0,18.66
ISR-0063,Kazatomprom_Supplies,32.8,2.7,5.21,90.5,11,5335.0,87.7,93.4,9.9,7.85,80147.0,73857.0,12.74
ISR-0064,Kazatomprom_Supplies,29.9,3.6,4.13,90.3,8,5053.0,90.7,92.2,14.1,6.23,97199.0,91147.0,16.06
ISR-0065,DuPont,42.7,4.0,2.57,93.7,25,6482.0,92.0,96.4,9.8,4.72,160040.0,152484.0,21.18
ISR-0066,Purolite,45.5,6.0,3.09,94.1,30,6788.0,97.1,96.4,13.8,3.39,256893.0,248191.0,29.52
ISR-0067,DuPont,39.7,4.3,3.98,92.2,22,6268.0,93.6,97.0,9.6,4.92,157395.0,149653.0,20.33
ISR-0068,Purolite,41.4,6.4,2.68,93.7,28,6435.0,92.0,95.1,9.5,3.29,248268.0,240096.0,30.38
ISR-0069,Purolite,36.7,5.5,3.18,95.1,21,6495.0,93.9,97.9,12.4,4.23,191959.0,183839.0,23.64
ISR-0070,Kazatomprom_Supplies,30.8,2.9,5.17,88.7,9,4510.0,90.1,94.8,11.0,6.8,79227.0,73839.0,14.7
ISR-0071,Purolite,41.1,6.1,2.96,96.5,27,6320.0,98.0,94.6,12.3,3.34,241935.0,233857.0,29.95
ISR-0072,DuPont,40.7,4.0,2.87,94.9,21,6035.0,95.7,96.4,15.0,4.61,154497.0,147375.0,21.69
ISR-0073,Kazatomprom_Supplies,31.5,3.1,4.06,88.3,10,4475.0,90.2,91.9,9.2,6.1,86225.0,80967.0,16.4
ISR-0074,Kazatomprom_Supplies,32.7,3.5,3.79,87.5,9,4370.0,91.8,89.1,10.3,5.2,100144.0,94939.0,19.24
ISR-0075,Purolite,46.6,5.4,3.36,93.8,22,6423.0,95.3,96.2,11.3,3.47,236038.0,227848.0,28.82
ISR-0076,Kazatomprom_Supplies,30.4,2.1,4.59,90.3,6,4433.0,88.2,92.8,8.9,8.69,57648.0,52641.0,11.51
ISR-0077,Kazatomprom_Supplies,30.5,2.9,5.17,88.4,6,4862.0,90.8,92.5,8.0,7.41,78190.0,72400.0,13.5
ISR-0078,Purolite,38.1,5.6,3.29,95.2,27,6817.0,96.7,94.3,9.2,4.23,203119.0,194528.0,23.64
ISR-0079,Purolite,42.0,4.6,2.49,93.8,21,6910.0,98.0,96.6,12.5,4.5,181222.0,173058.0,22.2
ISR-0080,Kazatomprom_Supplies,34.9,4.4,3.91,89.4,5,4998.0,90.6,92.0,9.6,4.52,137283.0,131075.0,22.11
ISR-0081,Lanxess,31.7,4.8,3.71,92.6,19,5512.0,92.0,95.8,9.6,4.86,140900.0,134047.0,20.56
ISR-0082,Kazatomprom_Supplies,30.0,3.1,4.18,90.2,8,4512.0,91.9,91.1,12.0,6.33,83886.0,78575.0,15.8
ISR-0083,Kazatomprom_Supplies,32.1,3.3,4.69,90.7,7,4621.0,91.4,89.9,9.0,5.81,96079.0,90498.0,17.21
ISR-0084,Lanxess,39.6,5.8,3.13,93.6,21,5977.0,96.2,96.2,12.8,3.54,214980.0,207370.0,28.25
ISR-0085,ResinTech,36.1,4.7,3.37,90.4,15,5405.0,93.5,90.9,14.9,4.34,153382.0,146730.0,23.06
ISR-0086,DuPont,41.0,5.3,2.93,93.3,18,6768.0,90.6,93.7,11.6,4.11,202741.0,194405.0,24.32
ISR-0087,Lanxess,36.3,3.5,3.97,90.6,20,5580.0,92.9,95.5,11.9,5.78,115107.0,108458.0,17.31
ISR-0088,Purolite,43.4,6.6,2.95,94.2,15,6592.0,97.6,96.7,9.6,3.17,269826.0,261262.0,31.51
ISR-0089,Lanxess,40.0,5.2,4.09,92.0,18,5313.0,96.4,94.3,11.6,3.62,191360.0,184429.0,27.61
ISR-0090,Lanxess,31.9,4.4,2.88,91.5,30,5967.0,91.3,92.4,12.0,5.49,128429.0,121378.0,18.22
ISR-0091,Kazatomprom_Supplies,34.2,3.1,3.97,88.4,12,3863.0,89.6,92.8,8.5,4.88,93722.0,89145.0,20.47
ISR-0092,ResinTech,34.7,3.9,3.76,92.2,13,5344.0,93.3,94.2,9.1,5.17,124774.0,118328.0,19.36
ISR-0093,Lanxess,35.4,3.7,4.58,93.1,24,6296.0,92.2,97.9,9.4,6.29,121942.0,114268.0,15.89
ISR-0094,DuPont,32.7,4.7,3.34,94.0,27,6449.0,93.5,96.4,11.4,5.42,144469.0,136639.0,18.45
ISR-0095,Kazatomprom_Supplies,27.9,4.0,3.97,87.5,5,4074.0,91.8,88.2,9.9,5.09,97650.0,92680.0,19.65
ISR-0096,Kazatomprom_Supplies,37.1,2.2,4.46,89.2,8,4190.0,92.0,91.2,11.4,6.57,72805.0,68018.0,15.21
ISR-0097,Purolite,39.9,5.3,2.91,94.0,40,6747.0,97.3,95.8,10.0,4.17,198782.0,190488.0,23.97
ISR-0098,Lanxess,33.7,4.6,3.22,93.6,20,5755.0,94.0,93.7,13.2,4.81,145099.0,138122.0,20.8
ISR-0099,Purolite,40.6,5.6,3.11,92.3,29,5629.0,93.0,95.6,10.6,3.4,209853.0,202709.0,29.37
ISR-0100,Lanxess,34.8,3.7,3.42,91.3,13,6367.0,92.7,94.3,9.0,6.36,117558.0,110086.0,15.73
ISR-0101,Lanxess,37.4,3.7,3.35,91.3,17,5874.0,91.0,92.5,14.3,5.48,126341.0,119417.0,18.25
ISR-0102,Kazatomprom_Supplies,36.6,4.3,5.13,88.4,8,3928.0,89.0,88.0,15.0,3.7,139124.0,133975.0,27.02
ISR-0103,Purolite,40.2,4.6,1.95,95.6,33,6594.0,96.2,96.8,12.5,4.32,176784.0,169148.0,23.15
ISR-0104,Purolite,42.5,6.2,2.32,91.7,28,7386.0,95.3,98.0,11.9,3.75,241630.0,232565.0,26.66
ISR-0105,Lanxess,33.6,4.2,3.09,91.8,18,5741.0,97.4,94.9,10.9,5.26,129548.0,122732.0,19.01
ISR-0106,Kazatomprom_Supplies,36.6,4.3,4.08,90.0,6,4435.0,90.5,91.6,11.9,3.94,141642.0,136068.0,25.41
ISR-0107,DuPont,40.6,4.7,2.64,94.7,23,5943.0,94.8,93.5,8.9,3.95,180707.0,173566.0,25.3
ISR-0108,Kazatomprom_Supplies,28.8,2.7,4.74,88.3,4,4759.0,89.9,92.7,8.7,8.07,68662.0,63119.0,12.39
ISR-0109,DuPont,42.7,5.6,3.55,92.7,18,6301.0,95.5,91.1,12.2,3.66,221664.0,213545.0,27.3
ISR-0110,Lanxess,40.6,4.5,3.96,92.4,18,6125.0,96.3,98.0,8.6,4.53,168815.0,161168.0,22.08
ISR-0111,Lanxess,37.5,5.5,2.99,92.2,18,5510.0,93.3,92.9,14.6,3.63,190162.0,183261.0,27.56
ISR-0112,Lanxess,32.1,5.1,3.45,92.1,19,6092.0,96.0,95.4,9.4,5.01,150777.0,143229.0,19.97
ISR-0113,Purolite,47.4,5.3,3.03,89.9,23,6029.0,94.8,95.1,12.1,3.35,225847.0,218274.0,29.82
ISR-0114,DuPont,40.9,4.7,3.12,92.1,25,6399.0,96.2,95.2,8.5,4.4,177044.0,169255.0,22.73
ISR-0115,Lanxess,40.5,4.5,4.15,91.0,24,5483.0,92.8,93.3,11.0,4.18,165848.0,158918.0,23.93
ISR-0116,Kazatomprom_Supplies,30.3,3.6,4.16,89.8,6,4515.0,89.8,88.0,11.8,5.55,97954.0,92513.0,18.0
ISR-0117,Kazatomprom_Supplies,30.8,2.9,4.58,87.3,8,3877.0,86.0,92.3,10.1,5.89,77976.0,73385.0,16.99
ISR-0118,Lanxess,37.3,5.1,3.3,90.7,17,5839.0,89.4,91.9,9.7,4.21,172539.0,165277.0,23.76
ISR-0119,Purolite,45.3,5.2,2.93,94.3,39,6492.0,94.8,93.7,10.5,3.62,222133.0,214085.0,27.6
ISR-0120,ResinTech,35.4,3.7,3.26,89.5,17,4589.0,93.5,92.0,13.6,4.64,117227.0,111786.0,21.54
ISR-0121,ResinTech,31.2,3.6,3.34,91.8,16,5892.0,91.9,92.4,13.0,6.66,103110.0,96247.0,15.02
ISR-0122,Purolite,42.8,5.7,2.43,94.0,30,6749.0,93.3,96.7,13.2,3.61,229322.0,221053.0,27.73
ISR-0123,Purolite,46.9,5.0,2.52,96.7,25,6064.0,93.1,95.0,13.1,3.27,226762.0,219356.0,30.62
ISR-0124,Lanxess,37.2,4.6,4.27,91.2,23,5397.0,94.5,98.0,14.0,4.39,156061.0,149206.0,22.77
ISR-0125,ResinTech,35.4,5.9,4.39,90.3,6,5100.0,90.0,89.9,12.6,3.66,188601.0,181699.0,27.33
ISR-0126,ResinTech,31.2,4.0,3.69,92.0,11,4973.0,93.7,92.3,8.0,5.23,114816.0,108816.0,19.14
ISR-0127,Purolite,37.8,5.2,2.89,93.7,29,6463.0,96.4,97.0,12.3,4.29,184177.0,176273.0,23.3
ISR-0128,Kazatomprom_Supplies,30.1,2.3,3.7,90.8,5,3633.0,93.0,93.2,11.9,6.53,62861.0,58759.0,15.32
ISR-0129,DuPont,39.0,5.0,2.91,94.1,21,6877.0,98.0,96.3,10.6,4.55,183495.0,175149.0,21.99
ISR-0130,Lanxess,37.3,3.7,3.58,91.6,20,5513.0,92.5,95.7,8.1,5.19,126417.0,119851.0,19.25
ISR-0131,Kazatomprom_Supplies,32.5,3.2,5.07,88.8,8,4985.0,89.8,89.6,9.6,6.53,92352.0,86323.0,15.32
ISR-0132,Purolite,46.8,5.6,2.96,97.9,30,6433.0,97.9,97.2,10.3,3.18,256576.0,248422.0,31.47
ISR-0133,Kazatomprom_Supplies,32.2,2.3,4.72,89.6,11,5479.0,89.9,93.6,12.7,9.41,66358.0,60115.0,10.63
ISR-0134,DuPont,43.2,5.1,3.15,93.7,23,6544.0,90.9,96.0,12.4,3.93,206440.0,198318.0,25.42
ISR-0135,ResinTech,34.9,4.2,3.93,90.8,9,5625.0,90.5,97.8,8.7,5.18,133095.0,126202.0,19.31
ISR-0136,Purolite,46.3,4.6,2.1,95.7,37,6978.0,95.8,95.9,12.2,4.01,203822.0,195650.0,24.94
ISR-0137,Lanxess,31.4,4.2,3.29,90.2,19,5833.0,90.6,93.3,8.0,5.84,118956.0,112014.0,17.13
ISR-0138,Purolite,40.2,4.2,3.52,94.3,31,6560.0,98.0,92.6,10.1,4.98,159216.0,151280.0,20.06
ISR-0139,Lanxess,39.9,5.6,3.91,88.6,17,5750.0,95.6,93.1,11.0,3.8,197968.0,190454.0,26.35
ISR-0140,Lanxess,36.5,4.7,3.75,91.4,16,5945.0,91.1,95.0,12.5,4.71,156797.0,149404.0,21.21
ISR-0141,Purolite,44.8,5.4,2.83,95.5,35,6530.0,93.3,97.8,10.5,3.51,231034.0,222917.0,28.46
ISR-0142,Purolite,43.2,5.4,3.13,96.2,32,6645.0,95.3,98.0,12.1,3.72,224415.0,216075.0,26.91
ISR-0143,ResinTech,37.8,4.8,3.33,91.7,12,4883.0,91.2,93.4,11.6,3.66,166380.0,160292.0,27.33
ISR-0144,Kazatomprom_Supplies,33.8,3.4,3.71,89.8,7,4333.0,89.8,89.9,12.0,4.98,103198.0,98055.0,20.07
ISR-0145,Lanxess,39.0,4.7,3.31,89.9,15,6022.0,94.4,91.4,12.3,4.48,164787.0,157408.0,22.33
ISR-0146,DuPont,44.5,6.1,3.27,92.7,21,6208.0,93.6,94.6,10.4,3.21,251634.0,243546.0,31.11
ISR-0147,Kazatomprom_Supplies,35.0,3.3,4.55,90.8,8,4694.0,92.9,88.9,12.8,5.4,104874.0,99208.0,18.51
ISR-0148,Purolite,45.0,4.7,3.31,93.9,36,6768.0,96.7,95.6,14.1,4.19,198598.0,190271.0,23.85
ISR-0149,Kazatomprom_Supplies,32.1,2.9,4.68,88.8,10,4855.0,92.0,88.2,10.7,6.93,82664.0,76939.0,14.44
ISR-0150,DuPont,38.3,6.0,3.02,92.5,21,6398.0,91.7,94.3,8.0,3.81,212565.0,204466.0,26.24
ISR-0151,Purolite,40.0,5.6,3.46,93.4,26,6407.0,92.1,94.7,12.3,3.91,209216.0,201034.0,25.57
ISR-0152,DuPont,42.3,4.6,3.57,92.9,22,5854.0,94.0,97.0,11.0,4.03,180765.0,173489.0,24.84
ISR-0153,Purolite,34.7,6.2,2.75,93.7,40,6963.0,98.0,93.7,12.0,4.3,201586.0,192922.0,23.27
ISR-0154,Lanxess,33.1,5.2,2.95,93.1,13,5523.0,95.4,90.6,9.4,4.23,160244.0,153465.0,23.64
ISR-0155,Kazatomprom_Supplies,29.1,3.2,4.05,89.3,11,4500.0,91.5,92.6,10.1,6.37,83156.0,77861.0,15.7
ISR-0156,Purolite,41.3,4.8,2.72,95.7,24,7147.0,97.5,98.0,11.1,4.51,189716.0,181152.0,22.15
ISR-0157,Kazatomprom_Supplies,24.1,2.4,4.32,87.3,7,4183.0,87.8,92.5,10.7,9.4,50494.0,45749.0,10.64
ISR-0158,DuPont,43.8,3.7,3.83,95.0,16,6091.0,91.1,94.7,10.9,4.77,153957.0,146610.0,20.96
ISR-0159,Kazatomprom_Supplies,33.8,3.3,3.66,89.0,9,4547.0,92.6,89.3,10.0,5.39,99271.0,93922.0,18.56
ISR-0160,Lanxess,43.0,3.9,3.47,94.2,25,5085.0,91.8,93.6,10.7,3.91,157973.0,151797.0,25.58
ISR-0161,Lanxess,40.2,5.8,2.97,91.9,15,5372.0,91.4,93.2,12.4,3.19,214274.0,207430.0,31.31
ISR-0162,DuPont,43.1,5.0,3.06,91.7,19,6701.0,95.2,92.6,12.1,4.16,197614.0,189384.0,24.01
ISR-0163,Kazatomprom_Supplies,38.8,2.1,4.69,90.5,5,4681.0,89.5,91.0,8.5,7.23,73739.0,68409.0,13.83
ISR-0164,Purolite,40.3,6.5,2.6,94.3,26,6830.0,94.8,98.0,11.4,3.49,247019.0,238405.0,28.68
ISR-0165,Kazatomprom_Supplies,27.5,3.6,4.77,86.4,8,4602.0,90.7,92.7,9.5,6.56,85536.0,79926.0,15.25
ISR-0166,DuPont,39.3,5.5,2.9,93.7,25,5419.0,94.3,95.7,11.7,3.36,202533.0,195733.0,29.79
ISR-0167,Lanxess,34.5,5.0,3.41,92.3,11,5393.0,89.7,93.9,13.4,4.22,159218.0,152499.0,23.7
ISR-0168,ResinTech,34.2,4.2,3.59,92.3,9,4310.0,91.1,91.0,12.6,4.0,132580.0,127282.0,25.02
ISR-0169,DuPont,36.8,5.4,3.33,89.2,21,6457.0,95.4,97.2,9.7,4.55,177258.0,169188.0,21.96
ISR-0170,Kazatomprom_Supplies,33.7,3.7,4.57,90.4,10,5584.0,88.6,88.1,11.2,6.05,112720.0,105904.0,16.54
ISR-0171,DuPont,41.5,4.2,3.79,92.9,15,5573.0,93.4,90.7,11.8,4.24,161925.0,155052.0,23.56
ISR-0172,Purolite,41.9,5.8,3.44,96.8,21,6928.0,94.4,95.9,11.9,3.79,235243.0,226333.0,26.4
ISR-0173,DuPont,40.9,5.7,3.28,91.4,24,6636.0,88.9,94.2,9.3,3.95,213081.0,204661.0,25.31
ISR-0174,DuPont,39.6,4.9,1.92,94.2,36,6275.0,94.2,94.3,12.1,4.01,182786.0,175455.0,24.93
ISR-0175,ResinTech,37.3,4.4,3.06,91.5,11,4652.0,90.8,94.5,11.6,3.77,150170.0,144509.0,26.53
ISR-0176,Purolite,42.2,5.8,3.29,94.0,31,6153.0,96.2,97.1,9.1,3.44,230074.0,222160.0,29.07
ISR-0177,Purolite,41.2,6.8,2.56,93.6,32,5692.0,95.5,97.3,11.7,2.8,262230.0,254878.0,35.67
ISR-0178,Purolite,44.8,5.3,2.92,94.1,26,6450.0,93.4,98.0,10.1,3.59,223431.0,215413.0,27.87
ISR-0179,Lanxess,40.8,4.3,3.18,91.6,17,5887.0,93.9,91.5,9.2,4.42,160703.0,153601.0,22.63
ISR-0180,Lanxess,41.0,4.4,3.76,90.5,21,6129.0,92.0,97.5,10.2,4.63,163262.0,155703.0,21.6
ISR-0181,Kazatomprom_Supplies,29.0,3.4,4.98,90.2,9,4418.0,88.6,89.3,9.1,6.06,88937.0,83544.0,16.49
ISR-0182,Purolite,40.4,3.9,2.2,93.2,28,6161.0,92.1,96.6,9.6,4.81,146846.0,139782.0,20.79
ISR-0183,Purolite,36.9,5.1,2.39,95.7,26,6224.0,95.9,98.0,14.0,4.13,180098.0,172656.0,24.2
ISR-0184,DuPont,39.3,5.2,2.17,91.4,24,6147.0,93.7,98.0,8.4,3.92,186785.0,179468.0,25.53
ISR-0185,Lanxess,38.2,4.5,3.62,91.8,24,5921.0,92.0,96.8,12.6,4.62,157804.0,150516.0,21.65
ISR-0186,DuPont,39.6,4.4,2.17,93.3,16,6756.0,90.9,95.0,11.9,4.81,162566.0,154750.0,20.8
ISR-0187,Purolite,47.8,5.0,2.62,94.5,31,7319.0,97.2,93.1,14.0,3.92,225855.0,217001.0,25.51
ISR-0188,Kazatomprom_Supplies,30.8,3.3,4.76,90.1,8,4497.0,89.4,88.9,15.0,5.94,91578.0,86141.0,16.84
ISR-0189,ResinTech,31.7,3.4,4.83,90.8,9,4769.0,92.7,92.4,10.7,5.93,97864.0,92062.0,16.87
ISR-0190,Kazatomprom_Supplies,33.7,3.1,4.68,88.5,8,4991.0,90.6,89.6,11.6,6.44,92456.0,86505.0,15.54
ISR-0191,Purolite,42.4,5.1,3.43,94.3,28,7523.0,92.3,94.6,11.1,4.59,203914.0,194555.0,21.79
ISR-0192,Kazatomprom_Supplies,33.6,4.1,4.63,90.2,15,4199.0,91.4,90.5,8.8,4.28,124260.0,118947.0,23.39
ISR-0193,Lanxess,37.9,5.2,3.65,90.6,17,5601.0,92.5,92.7,10.1,3.99,178554.0,171435.0,25.08
ISR-0194,Kazatomprom_Supplies,32.7,4.2,4.39,87.8,10,4452.0,89.6,90.0,15.0,4.63,120585.0,115005.0,21.61
ISR-0195,Purolite,35.6,5.8,2.61,92.2,25,6509.0,91.1,96.2,11.8,4.19,190375.0,182395.0,23.86
ISR-0196,Kazatomprom_Supplies,29.8,3.0,5.09,91.4,7,4229.0,92.5,89.0,8.0,6.22,81712.0,76629.0,16.08
ISR-0197,Purolite,40.2,6.2,2.99,93.1,28,5945.0,95.2,97.4,12.3,3.29,232042.0,224403.0,30.38
ISR-0198,Kazatomprom_Supplies,31.0,3.3,4.67,86.7,10,4745.0,89.6,92.9,13.1,6.43,88694.0,82992.0,15.55
ISR-0199,Lanxess,35.7,4.5,3.2,91.0,13,5746.0,91.6,93.1,12.4,4.75,146192.0,139246.0,21.05
ISR-0200,Purolite,43.2,6.4,2.63,93.8,30,6952.0,94.9,96.0,8.1,3.39,259338.0,250555.0,29.53
ISR-0201,Lanxess,38.8,4.6,4.53,93.8,22,6018.0,94.3,97.0,11.5,4.6,167414.0,159715.0,21.75
ISR-0202,Purolite,38.6,5.7,2.77,93.9,18,6908.0,94.8,97.6,8.0,4.13,206599.0,198073.0,24.23
ISR-0203,Kazatomprom_Supplies,34.1,2.5,5.16,89.4,7,4525.0,90.9,94.2,10.5,6.96,76214.0,70911.0,14.37
ISR-0204,ResinTech,36.8,4.3,3.54,88.9,9,5481.0,89.8,94.5,8.0,4.74,140675.0,134001.0,21.08
ISR-0205,DuPont,41.4,4.3,3.4,93.7,19,5909.0,90.3,97.1,8.0,4.32,166805.0,159607.0,23.17
ISR-0206,Kazatomprom_Supplies,27.7,4.2,4.64,87.0,15,4701.0,88.4,89.9,11.7,5.8,101216.0,95341.0,17.23
ISR-0207,Purolite,43.3,5.4,2.6,94.1,32,6905.0,94.3,95.9,13.2,3.83,220025.0,211589.0,26.08
ISR-0208,Kazatomprom_Supplies,32.2,2.0,4.82,88.1,8,5031.0,87.9,89.5,10.8,9.98,56736.0,51075.0,10.02
ISR-0209,Kazatomprom_Supplies,34.9,3.2,3.73,89.1,7,4383.0,89.9,91.2,12.4,5.19,99507.0,94347.0,19.28
ISR-0210,Purolite,47.4,5.3,3.09,95.3,28,6740.0,94.5,97.1,14.8,3.53,239413.0,230959.0,28.32
ISR-0211,DuPont,44.8,5.3,3.39,91.9,25,6723.0,90.2,95.5,9.0,3.89,218207.0,209720.0,25.71
ISR-0212,Lanxess,37.3,5.0,3.64,90.6,17,5178.0,94.5,91.0,12.3,3.88,168969.0,162418.0,25.79
ISR-0213,Lanxess,37.0,4.3,4.16,92.2,16,5657.0,92.5,92.4,13.5,4.8,146690.0,139647.0,20.83
ISR-0214,DuPont,41.9,5.7,2.97,94.3,21,6434.0,91.7,92.6,11.4,3.6,225217.0,217119.0,27.81
ISR-0215,Lanxess,33.7,2.3,3.43,93.7,15,5687.0,90.0,94.6,11.8,8.7,72627.0,66306.0,11.49
ISR-0216,Lanxess,32.6,4.0,3.68,91.4,18,5539.0,97.6,93.2,12.0,5.59,119186.0,112528.0,17.9
ISR-0217,Purolite,40.6,4.7,3.23,92.7,29,6677.0,94.0,96.5,10.1,4.6,176890.0,168748.0,21.73
ISR-0218,Lanxess,40.7,3.6,3.78,92.2,18,5614.0,88.7,89.9,13.5,4.98,135091.0,128369.0,20.1
ISR-0219,DuPont,39.0,5.7,2.89,92.5,22,6232.0,91.1,95.2,8.4,3.78,205628.0,197845.0,26.42
ISR-0220,Purolite,46.5,6.1,2.3,93.4,22,5884.0,95.2,94.0,10.2,2.79,264929.0,257544.0,35.87
ISR-0221,Lanxess,28.6,4.0,3.83,93.7,14,5616.0,91.5,95.4,11.3,6.3,107193.0,100443.0,15.88
ISR-0222,ResinTech,30.2,4.8,3.41,91.7,12,5317.0,91.5,94.5,12.9,4.91,132928.0,126402.0,20.37
ISR-0223,Purolite,41.6,5.6,2.39,93.6,30,6464.0,94.9,97.1,8.8,3.62,218051.0,210166.0,27.65
ISR-0224,ResinTech,37.7,3.7,3.47,91.0,11,5187.0,91.9,94.9,12.9,4.87,126936.0,120759.0,20.55
ISR-0225,ResinTech,34.8,3.5,3.83,90.9,11,5332.0,91.9,94.6,10.8,5.72,110716.0,104387.0,17.49
ISR-0226,Purolite,41.7,5.0,2.4,94.7,27,6942.0,94.6,95.0,13.0,4.19,197450.0,189171.0,23.85
ISR-0227,Lanxess,36.6,4.8,2.93,91.5,29,5707.0,96.2,91.1,15.0,4.3,160747.0,153827.0,23.23
ISR-0228,Lanxess,31.7,5.0,3.17,89.7,23,5795.0,92.3,95.4,12.9,4.98,142174.0,135098.0,20.09
ISR-0229,Lanxess,40.5,4.7,3.41,90.8,19,5834.0,95.2,94.6,11.7,4.17,172838.0,165628.0,23.97
ISR-0230,Purolite,40.0,4.1,3.03,93.9,30,6313.0,95.4,91.4,11.7,4.86,153996.0,146506.0,20.56
ISR-0231,Purolite,45.3,5.7,2.83,94.5,25,6190.0,96.9,92.6,12.3,3.2,244008.0,236197.0,31.24
ISR-0232,Purolite,41.8,5.9,2.26,93.2,30,6842.0,96.1,93.4,12.2,3.63,229850.0,221510.0,27.56
ISR-0233,Purolite,45.2,5.0,2.91,94.7,30,6040.0,97.3,95.8,9.3,3.49,214022.0,206557.0,28.67
ISR-0234,DuPont,41.0,5.0,3.16,93.0,22,6442.0,98.0,92.2,11.5,4.17,190650.0,182704.0,23.99
ISR-0235,DuPont,39.7,3.7,2.77,92.6,24,6120.0,93.8,96.3,12.1,5.22,136020.0,128926.0,19.17
ISR-0236,Purolite,42.7,4.6,2.4,93.0,20,6368.0,95.9,95.0,9.1,4.13,182671.0,175134.0,24.24
ISR-0237,Lanxess,32.6,4.3,3.1,92.5,11,5934.0,96.8,97.1,10.8,5.44,129666.0,122610.0,18.38
ISR-0238,ResinTech,35.0,3.8,3.53,91.5,12,5395.0,92.5,93.9,8.2,5.28,121695.0,115266.0,18.93
ISR-0239,Lanxess,42.1,4.7,4.61,93.0,22,5389.0,87.7,93.7,8.0,3.82,184019.0,176993.0,26.19
ISR-0240,Kazatomprom_Supplies,35.9,2.7,4.06,89.7,11,4490.0,89.1,91.8,10.6,5.99,86946.0,81742.0,16.71
ISR-0241,Purolite,39.0,5.3,2.93,95.2,24,6327.0,94.3,94.1,10.4,3.97,196778.0,188967.0,25.19
ISR-0242,Lanxess,38.5,4.2,3.14,92.5,23,5508.0,93.3,96.9,14.1,4.42,149572.0,142956.0,22.61
ISR-0243,ResinTech,35.7,4.4,3.55,88.9,9,4368.0,90.7,95.1,8.1,3.87,139644.0,134238.0,25.83
ISR-0244,Lanxess,39.5,5.5,3.15,91.7,15,6144.0,97.6,94.5,12.2,3.87,199218.0,191502.0,25.82
ISR-0245,Purolite,42.3,6.7,3.2,92.8,21,6860.0,98.0,98.0,11.4,3.42,263004.0,254003.0,29.22
ISR-0246,Lanxess,36.3,3.4,3.69,93.6,16,5337.0,89.7,91.1,13.1,5.45,115521.0,109220.0,18.33
ISR-0247,ResinTech,39.0,4.0,3.74,91.0,16,5161.0,90.2,94.6,10.1,4.43,141960.0,135665.0,22.55
ISR-0248,Lanxess,37.6,3.7,3.75,93.5,20,5313.0,95.1,96.4,12.2,4.91,130077.0,123695.0,20.38
ISR-0249,DuPont,43.8,5.0,3.37,92.3,19,6061.0,92.4,96.0,9.0,3.76,202137.0,194539.0,26.6
ISR-0250,DuPont,42.9,5.3,2.57,93.4,18,5948.0,93.2,94.7,11.9,3.44,212364.0,205064.0,29.09
ISR-0251,Purolite,41.0,5.6,3.07,94.8,32,7043.0,93.4,91.9,11.3,4.05,217661.0,208852.0,24.71
ISR-0252,Lanxess,36.5,4.5,3.14,91.6,17,5254.0,95.8,96.2,10.0,4.24,150453.0,144073.0,23.58
ISR-0253,Kazatomprom_Supplies,37.8,4.5,4.92,89.2,5,3787.0,89.9,90.1,13.3,3.3,151729.0,146717.0,30.27
ISR-0254,Lanxess,37.6,5.0,3.87,93.8,14,5661.0,95.5,93.9,11.3,4.09,176344.0,169138.0,24.47
ISR-0255,Purolite,39.7,5.3,3.0,93.3,32,6385.0,93.8,98.0,12.4,4.02,196313.0,188412.0,24.85
ISR-0256,ResinTech,31.4,4.0,3.7,87.8,9,5987.0,93.6,95.0,14.1,6.49,110277.0,103123.0,15.41
ISR-0257,Kazatomprom_Supplies,34.9,4.1,4.24,90.9,8,4197.0,89.5,88.7,13.6,4.04,130069.0,124811.0,24.74
ISR-0258,DuPont,40.5,5.4,2.87,92.6,22,6791.0,94.4,93.0,13.2,4.13,202516.0,194156.0,24.22
ISR-0259,Purolite,39.6,5.2,3.18,95.8,31,6703.0,94.1,94.6,10.6,4.21,197271.0,188957.0,23.73
ISR-0260,Purolite,44.0,4.3,2.46,95.3,29,7162.0,94.5,97.4,11.7,4.65,180308.0,171929.0,21.52
ISR-0261,Lanxess,37.5,3.7,3.52,91.7,18,5912.0,92.8,96.2,12.1,5.51,127234.0,120228.0,18.16
ISR-0262,Purolite,37.0,5.6,1.93,95.0,14,5856.0,95.5,97.0,12.7,3.55,196840.0,189849.0,28.16
ISR-0263,ResinTech,36.8,2.7,3.93,89.6,12,4830.0,93.6,92.1,12.2,6.26,89027.0,83457.0,15.98
ISR-0264,Purolite,46.0,5.4,2.28,94.6,22,6719.0,93.1,95.7,9.9,3.47,234986.0,226841.0,28.85
ISR-0265,Lanxess,44.7,4.2,2.84,92.7,20,5447.0,90.4,96.8,10.5,3.76,174035.0,167494.0,26.61
ISR-0266,Purolite,42.1,6.2,3.06,93.6,27,7457.0,97.5,93.8,10.6,3.89,244315.0,234820.0,25.73
ISR-0267,Purolite,42.7,4.6,2.91,94.0,26,5769.0,98.0,97.6,10.2,3.8,184635.0,177623.0,26.33
ISR-0268,Purolite,46.8,4.1,2.58,94.9,26,6249.0,96.9,95.8,12.5,4.05,182094.0,174720.0,24.69
ISR-0269,Lanxess,37.5,4.2,3.35,93.6,15,5989.0,95.6,95.0,8.0,4.89,147420.0,140212.0,20.45
ISR-0270,Kazatomprom_Supplies,32.8,3.9,5.64,89.0,8,4509.0,89.3,91.1,9.8,5.09,113849.0,108058.0,19.66
ISR-0271,Purolite,40.1,6.2,2.7,94.0,39,6312.0,96.2,98.0,10.4,3.41,233703.0,225738.0,29.34
ISR-0272,Lanxess,32.8,3.9,3.4,91.8,12,6380.0,93.9,95.1,13.5,6.41,117431.0,109906.0,15.6
ISR-0273,Purolite,44.7,5.8,3.13,95.9,26,6531.0,95.3,96.1,9.0,3.36,248630.0,240279.0,29.77
ISR-0274,Lanxess,33.2,3.7,3.54,91.2,19,6231.0,91.3,98.0,12.0,6.55,112030.0,104697.0,15.28
ISR-0275,Lanxess,40.4,4.0,3.99,91.6,18,5633.0,89.8,96.5,11.2,4.67,148026.0,141117.0,21.42
ISR-0276,Purolite,39.6,5.9,2.94,93.7,39,6917.0,97.5,96.5,9.7,3.96,218921.0,210246.0,25.24
ISR-0277,Kazatomprom_Supplies,32.8,4.0,4.88,88.8,6,4594.0,91.6,92.6,15.0,4.97,116506.0,110718.0,20.13
ISR-0278,Purolite,40.9,4.8,3.02,94.8,32,5852.0,93.7,96.2,12.4,3.86,186111.0,178936.0,25.94
ISR-0279,Kazatomprom_Supplies,35.5,3.8,4.82,90.2,7,4016.0,90.7,89.6,10.0,4.16,121680.0,116618.0,24.04
ISR-0280,Purolite,42.9,4.2,2.78,92.0,27,6952.0,94.1,92.6,13.4,4.94,165766.0,157580.0,20.25
ISR-0281,DuPont,45.9,4.9,3.11,94.2,16,6201.0,95.9,98.0,11.1,3.63,211865.0,204179.0,27.56
ISR-0282,Purolite,38.7,4.7,2.66,93.4,31,6958.0,96.1,95.1,8.6,4.86,169885.0,161624.0,20.56
ISR-0283,Purolite,43.2,4.9,3.1,95.2,28,6791.0,98.0,97.2,8.0,4.14,201519.0,193183.0,24.17
ISR-0284,DuPont,40.1,4.1,2.33,95.0,20,5753.0,94.3,97.5,12.3,4.29,156189.0,149488.0,23.31
ISR-0285,Purolite,42.8,5.9,3.16,95.7,29,6024.0,94.8,95.1,11.8,3.21,241662.0,233899.0,31.13
ISR-0286,Kazatomprom_Supplies,36.8,3.9,5.0,89.2,5,4459.0,90.1,90.4,9.2,4.42,128020.0,122365.0,22.64
ISR-0287,ResinTech,36.8,3.5,4.17,92.0,20,5268.0,97.6,94.0,8.0,5.35,118496.0,112157.0,18.69
ISR-0288,DuPont,36.6,5.3,2.95,92.4,22,5922.0,95.4,96.1,9.5,4.08,179238.0,171933.0,24.54
ISR-0289,Kazatomprom_Supplies,33.6,3.7,4.75,88.9,11,4704.0,90.2,91.1,10.0,5.26,110520.0,104707.0,19.01
ISR-0290,ResinTech,33.8,3.9,3.41,92.8,10,5114.0,93.8,90.9,11.9,4.99,122329.0,116223.0,20.03
ISR-0291,Lanxess,35.6,6.0,3.92,91.1,15,5497.0,92.5,96.6,11.6,3.74,194590.0,187304.0,26.71
ISR-0292,DuPont,43.1,4.4,2.45,93.7,20,6302.0,94.7,96.5,10.2,4.18,177693.0,170259.0,23.9
ISR-0293,Lanxess,35.2,4.5,3.8,91.6,16,5543.0,95.0,94.4,8.0,4.73,145094.0,138233.0,21.15
ISR-0294,ResinTech,33.9,3.7,4.07,90.8,17,4620.0,86.8,94.6,8.5,4.92,113890.0,108284.0,20.32
ISR-0295,Purolite,42.1,5.2,3.0,95.0,29,7129.0,92.4,89.5,14.2,4.22,207974.0,199203.0,23.71
ISR-0296,ResinTech,37.8,4.1,3.58,90.7,9,4413.0,89.5,93.1,10.1,3.86,140567.0,135148.0,25.94
ISR-0297,DuPont,41.7,4.8,3.38,93.5,20,5537.0,93.3,94.2,13.5,3.69,187150.0,180237.0,27.07
ISR-0298,DuPont,39.3,4.4,2.08,92.9,20,6532.0,93.3,91.1,12.8,4.69,160643.0,153104.0,21.31
ISR-0299,Purolite,41.2,5.6,3.19,92.3,25,6605.0,95.9,97.1,8.0,3.91,212955.0,204627.0,25.57
ISR-0300,Kazatomprom_Supplies,28.5,4.3,4.6,89.2,4,4273.0,91.3,89.0,12.5,4.94,109315.0,103918.0,20.25
ISR-0301,Purolite,39.7,6.2,3.33,95.0,30,7276.0,97.9,98.0,8.9,4.01,233833.0,224459.0,24.94
ISR-0302,Kazatomprom_Supplies,30.0,3.6,4.6,90.7,11,4342.0,89.4,90.7,9.1,5.42,97956.0,92645.0,18.44
ISR-0303,Purolite,41.6,5.0,3.72,94.3,35,6455.0,94.2,97.3,12.6,4.16,196144.0,187988.0,24.05
ISR-0304,Purolite,48.0,5.6,2.33,92.8,21,6506.0,94.1,94.8,9.9,3.2,249446.0,241455.0,31.22
ISR-0305,Purolite,40.0,6.3,3.1,93.6,33,6745.0,93.2,97.6,8.0,3.67,235872.0,227208.0,27.23
ISR-0306,DuPont,39.1,5.8,2.56,94.1,25,6476.0,94.4,97.8,8.7,3.74,213400.0,205418.0,26.74
ISR-0307,Lanxess,30.8,4.8,3.44,91.9,12,6345.0,90.6,90.9,10.2,5.7,135865.0,128126.0,17.56
ISR-0308,Lanxess,38.8,4.2,3.87,92.3,23,5613.0,95.3,95.2,12.3,4.59,150412.0,143503.0,21.77
ISR-0309,Kazatomprom_Supplies,27.3,3.4,4.81,88.6,6,4482.0,90.5,88.0,8.0,6.6,82239.0,76814.0,15.16
ISR-0310,Purolite,39.3,6.0,3.84,96.7,22,6380.0,96.6,95.8,11.1,3.7,228019.0,219588.0,27.04
ISR-0311,Kazatomprom_Supplies,35.1,4.0,4.32,91.1,3,3968.0,93.2,91.5,14.3,3.89,127904.0,122924.0,25.68
ISR-0312,Kazatomprom_Supplies,25.7,2.3,5.14,87.9,12,4368.0,85.5,88.8,8.3,9.66,51958.0,46941.0,10.36
ISR-0313,Purolite,42.3,6.0,2.67,95.6,31,6633.0,94.7,95.3,9.9,3.43,242633.0,234319.0,29.18
ISR-0314,Lanxess,39.4,5.0,3.15,92.4,17,5846.0,91.8,97.0,10.0,3.97,182028.0,174797.0,25.17
ISR-0315,Lanxess,41.6,3.9,2.69,92.0,16,6371.0,93.9,95.8,9.1,4.97,149261.0,141841.0,20.12
ISR-0316,ResinTech,32.2,3.5,3.88,90.0,11,5279.0,93.7,95.1,12.6,6.17,101430.0,95175.0,16.22
ISR-0317,Kazatomprom_Supplies,30.1,3.0,4.24,90.9,9,4104.0,90.9,94.3,10.8,5.89,82083.0,77248.0,16.98
ISR-0318,ResinTech,40.4,3.5,4.22,92.4,13,4994.0,92.3,92.4,10.8,4.64,130654.0,124589.0,21.54
ISR-0319,Kazatomprom_Supplies,31.9,2.5,4.24,87.3,6,4173.0,89.7,93.0,13.9,6.88,69622.0,64829.0,14.53
ISR-0320,Lanxess,34.8,4.7,3.26,93.7,17,5560.0,94.9,92.8,11.5,4.44,153256.0,146453.0,22.53
ISR-0321,Purolite,39.8,4.9,2.98,94.5,32,6465.0,95.1,98.0,10.9,4.28,184294.0,176415.0,23.39
ISR-0322,Lanxess,34.1,4.5,4.36,91.3,20,6105.0,96.4,91.7,10.9,5.47,140100.0,132440.0,18.29
ISR-0323,ResinTech,33.7,3.7,3.26,89.8,11,5546.0,91.0,91.3,9.4,5.81,111972.0,105472.0,17.23
ISR-0324,Purolite,45.3,5.7,3.31,95.6,25,6135.0,98.0,98.0,13.4,3.21,246849.0,238927.0,31.16
ISR-0325,Purolite,44.7,4.8,3.24,95.0,24,6668.0,92.6,97.2,10.1,4.04,203832.0,195607.0,24.78
ISR-0326,Lanxess,33.5,4.7,3.39,91.0,15,5773.0,93.5,94.7,11.0,4.93,143280.0,136222.0,20.3
ISR-0327,Lanxess,37.6,4.8,3.84,91.0,19,5660.0,93.2,93.6,8.0,4.34,164237.0,157115.0,23.06
ISR-0328,DuPont,38.8,5.6,2.86,93.0,17,5933.0,92.6,94.2,12.3,3.66,202070.0,194671.0,27.31
ISR-0329,Purolite,44.3,6.9,3.99,93.9,35,6206.0,92.3,95.9,13.8,3.01,287024.0,278378.0,33.2
ISR-0330,ResinTech,34.5,2.5,3.74,91.6,11,4987.0,93.9,92.8,13.5,7.16,79005.0,73350.0,13.97
ISR-0331,Kazatomprom_Supplies,33.1,3.7,4.54,89.5,8,4917.0,90.0,92.4,8.9,5.49,109611.0,103589.0,18.2
ISR-0332,ResinTech,34.5,3.5,3.64,90.2,13,5576.0,93.9,96.4,12.2,6.03,108916.0,102352.0,16.59
ISR-0333,Kazatomprom_Supplies,25.4,2.2,3.65,87.0,10,4832.0,93.6,89.3,11.1,10.99,48616.0,43272.0,9.1
ISR-0334,DuPont,40.1,5.6,2.87,91.9,24,5290.0,95.4,95.4,9.8,3.23,206371.0,199705.0,30.96
ISR-0335,Lanxess,33.2,5.4,3.62,93.0,16,6297.0,94.9,95.6,12.0,4.77,166730.0,158777.0,20.96
ISR-0336,Lanxess,39.2,4.2,4.25,90.8,23,5921.0,92.2,93.4,12.3,4.92,149493.0,142134.0,20.31
ISR-0337,Lanxess,35.0,4.6,3.75,92.1,20,6146.0,95.9,95.6,11.9,5.11,148281.0,140697.0,19.55
ISR-0338,DuPont,38.2,5.0,2.91,91.4,34,6131.0,97.1,92.2,12.0,4.28,174574.0,167106.0,23.38
ISR-0339,Lanxess,37.0,4.8,3.53,92.5,18,5874.0,94.1,98.0,10.8,4.44,164280.0,156992.0,22.54
ISR-0340,Purolite,43.7,6.1,2.96,96.8,25,7034.0,94.6,96.7,14.3,3.47,258040.0,249078.0,28.79
ISR-0341,ResinTech,34.5,4.2,3.61,89.4,11,5605.0,92.1,92.9,9.3,5.24,129541.0,122756.0,19.09
ISR-0342,ResinTech,39.9,4.2,4.14,91.7,15,4829.0,92.3,91.6,11.8,3.94,153671.0,147610.0,25.36
ISR-0343,Lanxess,41.9,5.4,4.31,92.3,27,5482.0,93.9,93.5,8.3,3.49,208838.0,201548.0,28.65
ISR-0344,Kazatomprom_Supplies,37.1,3.4,4.32,90.1,10,4680.0,90.0,92.5,10.8,4.98,113652.0,107995.0,20.09
ISR-0345,Purolite,41.3,6.1,3.4,94.3,33,6579.0,94.4,98.0,11.5,3.6,237570.0,229021.0,27.79
ISR-0346,Purolite,37.6,4.9,3.24,94.8,22,6144.0,94.7,93.4,11.3,4.33,174660.0,167095.0,23.09
ISR-0347,Lanxess,40.7,5.6,3.77,92.2,18,5777.0,93.0,93.8,12.4,3.58,210142.0,202609.0,27.9
ISR-0348,Lanxess,35.8,5.0,3.56,92.7,12,5527.0,95.5,91.8,9.4,4.18,165933.0,158999.0,23.93
ISR-0349,DuPont,40.1,4.7,3.17,92.5,21,6434.0,92.1,92.6,9.4,4.5,174335.0,166498.0,22.24
ISR-0350,DuPont,41.9,3.5,2.89,93.7,18,7110.0,90.1,95.2,8.5,5.95,137411.0,129231.0,16.8
ISR-0351,Kazatomprom_Supplies,27.2,3.5,5.42,90.0,10,4137.0,87.0,90.0,9.3,6.0,85680.0,80540.0,16.67
ISR-0352,ResinTech,39.9,3.2,3.44,92.4,4,5377.0,92.5,93.7,9.6,5.31,117976.0,111706.0,18.82
ISR-0353,Lanxess,39.6,4.7,4.07,92.6,18,5968.0,93.6,95.4,9.3,4.38,172347.0,164798.0,22.83
ISR-0354,Purolite,43.1,6.5,3.57,93.1,38,6420.0,97.3,93.5,8.2,3.29,260820.0,252245.0,30.42
ISR-0355,Purolite,44.7,5.6,2.64,92.6,31,6349.0,98.0,94.9,11.6,3.4,231796.0,223917.0,29.42
ISR-0356,Lanxess,38.7,4.4,4.08,92.5,14,5662.0,92.7,93.4,10.4,4.5,157509.0,150429.0,22.25
ISR-0357,Purolite,42.4,5.7,2.87,93.3,27,5914.0,97.1,91.7,11.3,3.31,225487.0,218031.0,30.24
ISR-0358,Purolite,41.1,5.7,2.83,95.5,30,5710.0,93.8,95.5,10.2,3.22,223728.0,216526.0,31.07
ISR-0359,Kazatomprom_Supplies,29.8,2.0,4.46,88.7,8,4155.0,92.2,88.4,15.0,8.82,52865.0,48205.0,11.34
ISR-0360,Lanxess,37.9,4.7,2.69,93.2,22,5559.0,93.6,93.6,8.0,4.03,166017.0,159332.0,24.83
ISR-0361,Kazatomprom_Supplies,33.1,3.9,4.77,91.6,4,4799.0,87.6,90.9,9.8,5.07,118246.0,112253.0,19.73
ISR-0362,Purolite,45.2,5.3,3.52,94.4,29,6060.0,95.7,92.2,8.0,3.43,226145.0,218378.0,29.12
ISR-0363,Kazatomprom_Supplies,32.6,4.2,4.15,88.9,9,4291.0,91.1,88.8,12.4,4.39,121722.0,116373.0,22.75
ISR-0364,Purolite,39.4,5.4,3.22,95.7,25,6929.0,95.8,96.8,9.7,4.25,203611.0,194958.0,23.53
ISR-0365,Purolite,37.3,6.0,2.76,95.8,29,6818.0,94.5,97.8,11.5,3.96,214400.0,205906.0,25.24
ISR-0366,Kazatomprom_Supplies,31.6,5.1,3.95,91.0,4,4691.0,93.0,94.8,8.5,4.1,146656.0,140646.0,24.4
ISR-0367,Kazatomprom_Supplies,31.9,3.4,5.0,89.2,4,4942.0,92.3,91.7,11.1,6.23,96746.0,90717.0,16.05
ISR-0368,Lanxess,36.7,3.1,4.34,91.2,7,6862.0,94.4,92.7,10.7,7.76,103758.0,95708.0,12.89
ISR-0369,Lanxess,32.4,4.3,3.1,92.0,21,5760.0,91.6,92.2,9.9,5.35,128174.0,121319.0,18.7
ISR-0370,Kazatomprom_Supplies,35.2,2.3,4.61,88.3,9,4744.0,89.2,88.5,15.0,7.59,71488.0,66059.0,13.17
ISR-0371,ResinTech,38.2,4.4,3.08,91.3,10,5148.0,93.7,95.1,11.6,4.06,153457.0,147220.0,24.6
ISR-0372,Kazatomprom_Supplies,29.5,4.4,4.48,88.0,4,4427.0,93.4,88.3,8.0,4.89,114224.0,108633.0,20.43
ISR-0373,Purolite,44.4,6.0,3.04,95.6,22,6141.0,97.1,94.4,15.0,3.11,254678.0,246767.0,32.19
ISR-0374,Kazatomprom_Supplies,34.9,3.7,5.38,89.8,9,5177.0,89.6,90.7,10.7,5.61,115959.0,109456.0,17.83
ISR-0375,DuPont,40.1,4.5,3.78,93.7,22,6277.0,94.3,97.6,8.7,4.6,169082.0,161306.0,21.74
ISR-0376,Purolite,39.2,6.6,3.62,94.5,19,7114.0,97.5,97.2,9.6,3.86,244490.0,235053.0,25.91
ISR-0377,DuPont,44.8,5.5,2.74,93.3,24,6353.0,91.4,94.7,12.9,3.43,229891.0,221994.0,29.11
ISR-0378,Lanxess,38.1,4.7,3.38,93.6,22,5454.0,90.2,95.3,13.2,4.03,167610.0,160862.0,24.84
ISR-0379,DuPont,39.2,5.1,2.17,94.9,24,6207.0,96.1,98.0,12.0,3.89,189724.0,182346.0,25.72
ISR-0380,Purolite,44.3,5.6,2.44,94.7,29,6759.0,95.3,95.3,9.5,3.53,234932.0,226650.0,28.37
ISR-0381,Lanxess,41.9,4.8,2.77,91.0,21,5887.0,91.1,96.3,12.4,3.9,183019.0,175883.0,25.65
ISR-0382,ResinTech,33.5,3.6,3.98,89.6,13,4473.0,91.6,94.2,11.5,4.99,108058.0,102669.0,20.05
ISR-0383,Kazatomprom_Supplies,34.1,4.6,4.15,89.3,7,4507.0,89.3,93.5,11.4,4.09,140076.0,134351.0,24.47
ISR-0384,DuPont,45.8,5.1,2.45,92.7,14,6045.0,95.0,95.3,11.2,3.4,216529.0,209177.0,29.45
ISR-0385,Kazatomprom_Supplies,28.7,3.9,4.32,89.6,5,4335.0,89.8,89.6,10.5,5.31,100289.0,94968.0,18.85
ISR-0386,Purolite,40.4,5.2,2.21,94.0,27,5952.0,95.9,93.9,11.3,3.62,197475.0,190335.0,27.66
ISR-0387,Lanxess,35.2,4.8,3.65,92.9,13,6556.0,96.2,93.6,9.9,5.16,156964.0,148859.0,19.37
ISR-0388,DuPont,39.5,3.4,3.14,93.7,31,6593.0,94.4,93.0,12.3,6.05,125839.0,118221.0,16.52
ISR-0389,Kazatomprom_Supplies,31.4,2.7,4.34,90.2,10,4169.0,89.8,88.1,11.5,6.35,76472.0,71619.0,15.76
ISR-0390,Purolite,42.9,5.5,2.43,91.8,35,6411.0,94.0,98.0,14.9,3.61,216602.0,208782.0,27.7
ISR-0391,Purolite,39.5,4.6,2.13,94.2,20,7017.0,94.1,94.1,8.6,4.76,171161.0,163020.0,21.02
ISR-0392,Lanxess,35.1,6.2,3.78,94.7,21,5150.0,92.8,93.0,13.5,3.34,206086.0,199204.0,29.94
ISR-0393,ResinTech,35.9,2.8,3.91,88.0,9,5831.0,94.1,93.3,9.2,7.57,88458.0,81763.0,13.21
ISR-0394,Lanxess,37.5,4.7,3.73,93.0,29,5945.0,94.6,97.6,9.8,4.52,163912.0,156507.0,22.13
ISR-0395,Purolite,44.6,6.7,2.65,95.0,28,6690.0,92.1,97.3,10.8,3.03,283879.0,275277.0,33.0
ISR-0396,Lanxess,38.2,4.8,3.39,93.5,19,5736.0,96.8,96.8,14.1,4.15,171442.0,164335.0,24.12
ISR-0397,Purolite,44.3,5.3,3.52,94.3,28,6676.0,93.9,96.3,9.2,3.83,221407.0,212921.0,26.09
ISR-0398,Lanxess,33.6,4.1,3.2,93.4,14,6583.0,91.9,94.1,13.1,6.04,128668.0,120893.0,16.55
ISR-0399,Purolite,40.8,6.0,2.64,96.0,35,6544.0,94.7,96.4,13.0,3.48,235008.0,226828.0,28.73
ISR-0400,DuPont,45.5,4.4,3.37,93.7,32,5925.0,98.0,97.5,13.4,3.88,187587.0,180305.0,25.76
